imgs/2011_10_03/2011_10_03_drive_0027_sync/image_03/data/0000000249.png,train/2011_10_03_drive_0027_sync/proj_depth/groundtruth/image_03/0000000249.png
imgs/2011_09_28/2011_09_28_drive_0070_sync/image_02/data/0000000018.png,train/2011_09_28_drive_0070_sync/proj_depth/groundtruth/image_02/0000000018.png
imgs/2011_09_26/2011_09_26_drive_0061_sync/image_02/data/0000000093.png,train/2011_09_26_drive_0061_sync/proj_depth/groundtruth/image_02/0000000093.png
imgs/2011_09_26/2011_09_26_drive_0029_sync/image_03/data/0000000245.png,train/2011_09_26_drive_0029_sync/proj_depth/groundtruth/image_03/0000000245.png
imgs/2011_09_29/2011_09_29_drive_0004_sync/image_03/data/0000000207.png,train/2011_09_29_drive_0004_sync/proj_depth/groundtruth/image_03/0000000207.png
imgs/2011_09_30/2011_09_30_drive_0034_sync/image_03/data/0000001065.png,train/2011_09_30_drive_0034_sync/proj_depth/groundtruth/image_03/0000001065.png
imgs/2011_09_30/2011_09_30_drive_0034_sync/image_03/data/0000001094.png,train/2011_09_30_drive_0034_sync/proj_depth/groundtruth/image_03/0000001094.png
imgs/2011_09_30/2011_09_30_drive_0028_sync/image_03/data/0000002094.png,train/2011_09_30_drive_0028_sync/proj_depth/groundtruth/image_03/0000002094.png
imgs/2011_09_30/2011_09_30_drive_0018_sync/image_03/data/0000001734.png,train/2011_09_30_drive_0018_sync/proj_depth/groundtruth/image_03/0000001734.png
imgs/2011_10_03/2011_10_03_drive_0042_sync/image_02/data/0000000135.png,train/2011_10_03_drive_0042_sync/proj_depth/groundtruth/image_02/0000000135.png
imgs/2011_09_28/2011_09_28_drive_0201_sync/image_02/data/0000000027.png,train/2011_09_28_drive_0201_sync/proj_depth/groundtruth/image_02/0000000027.png
imgs/2011_10_03/2011_10_03_drive_0034_sync/image_03/data/0000003703.png,train/2011_10_03_drive_0034_sync/proj_depth/groundtruth/image_03/0000003703.png
imgs/2011_10_03/2011_10_03_drive_0034_sync/image_02/data/0000000577.png,train/2011_10_03_drive_0034_sync/proj_depth/groundtruth/image_02/0000000577.png
imgs/2011_10_03/2011_10_03_drive_0034_sync/image_03/data/0000003359.png,train/2011_10_03_drive_0034_sync/proj_depth/groundtruth/image_03/0000003359.png
imgs/2011_10_03/2011_10_03_drive_0027_sync/image_02/data/0000000202.png,train/2011_10_03_drive_0027_sync/proj_depth/groundtruth/image_02/0000000202.png
imgs/2011_09_26/2011_09_26_drive_0017_sync/image_02/data/0000000094.png,train/2011_09_26_drive_0017_sync/proj_depth/groundtruth/image_02/0000000094.png
imgs/2011_10_03/2011_10_03_drive_0027_sync/image_03/data/0000003846.png,train/2011_10_03_drive_0027_sync/proj_depth/groundtruth/image_03/0000003846.png
imgs/2011_09_30/2011_09_30_drive_0028_sync/image_02/data/0000005044.png,train/2011_09_30_drive_0028_sync/proj_depth/groundtruth/image_02/0000005044.png
imgs/2011_09_30/2011_09_30_drive_0033_sync/image_02/data/0000000774.png,train/2011_09_30_drive_0033_sync/proj_depth/groundtruth/image_02/0000000774.png
imgs/2011_10_03/2011_10_03_drive_0034_sync/image_02/data/0000000762.png,train/2011_10_03_drive_0034_sync/proj_depth/groundtruth/image_02/0000000762.png
imgs/2011_09_26/2011_09_26_drive_0106_sync/image_03/data/0000000086.png,train/2011_09_26_drive_0106_sync/proj_depth/groundtruth/image_03/0000000086.png
imgs/2011_09_30/2011_09_30_drive_0018_sync/image_02/data/0000001423.png,train/2011_09_30_drive_0018_sync/proj_depth/groundtruth/image_02/0000001423.png
imgs/2011_09_26/2011_09_26_drive_0093_sync/image_03/data/0000000425.png,train/2011_09_26_drive_0093_sync/proj_depth/groundtruth/image_03/0000000425.png
imgs/2011_10_03/2011_10_03_drive_0034_sync/image_02/data/0000000747.png,train/2011_10_03_drive_0034_sync/proj_depth/groundtruth/image_02/0000000747.png
imgs/2011_09_30/2011_09_30_drive_0018_sync/image_03/data/0000000862.png,train/2011_09_30_drive_0018_sync/proj_depth/groundtruth/image_03/0000000862.png
imgs/2011_09_30/2011_09_30_drive_0018_sync/image_02/data/0000000556.png,train/2011_09_30_drive_0018_sync/proj_depth/groundtruth/image_02/0000000556.png
imgs/2011_09_28/2011_09_28_drive_0220_sync/image_03/data/0000000044.png,train/2011_09_28_drive_0220_sync/proj_depth/groundtruth/image_03/0000000044.png
imgs/2011_09_26/2011_09_26_drive_0060_sync/image_02/data/0000000020.png,train/2011_09_26_drive_0060_sync/proj_depth/groundtruth/image_02/0000000020.png
imgs/2011_09_30/2011_09_30_drive_0020_sync/image_02/data/0000001059.png,train/2011_09_30_drive_0020_sync/proj_depth/groundtruth/image_02/0000001059.png
imgs/2011_10_03/2011_10_03_drive_0027_sync/image_03/data/0000004261.png,train/2011_10_03_drive_0027_sync/proj_depth/groundtruth/image_03/0000004261.png
imgs/2011_10_03/2011_10_03_drive_0034_sync/image_02/data/0000002371.png,train/2011_10_03_drive_0034_sync/proj_depth/groundtruth/image_02/0000002371.png
imgs/2011_09_30/2011_09_30_drive_0028_sync/image_03/data/0000002826.png,train/2011_09_30_drive_0028_sync/proj_depth/groundtruth/image_03/0000002826.png
imgs/2011_09_28/2011_09_28_drive_0070_sync/image_02/data/0000000025.png,train/2011_09_28_drive_0070_sync/proj_depth/groundtruth/image_02/0000000025.png
imgs/2011_09_30/2011_09_30_drive_0028_sync/image_03/data/0000002959.png,train/2011_09_30_drive_0028_sync/proj_depth/groundtruth/image_03/0000002959.png
imgs/2011_09_30/2011_09_30_drive_0020_sync/image_02/data/0000000884.png,train/2011_09_30_drive_0020_sync/proj_depth/groundtruth/image_02/0000000884.png
imgs/2011_09_26/2011_09_26_drive_0104_sync/image_02/data/0000000051.png,train/2011_09_26_drive_0104_sync/proj_depth/groundtruth/image_02/0000000051.png
imgs/2011_10_03/2011_10_03_drive_0034_sync/image_03/data/0000002431.png,train/2011_10_03_drive_0034_sync/proj_depth/groundtruth/image_03/0000002431.png
imgs/2011_10_03/2011_10_03_drive_0034_sync/image_03/data/0000003814.png,train/2011_10_03_drive_0034_sync/proj_depth/groundtruth/image_03/0000003814.png
imgs/2011_09_29/2011_09_29_drive_0004_sync/image_02/data/0000000217.png,train/2011_09_29_drive_0004_sync/proj_depth/groundtruth/image_02/0000000217.png
imgs/2011_10_03/2011_10_03_drive_0027_sync/image_03/data/0000002060.png,train/2011_10_03_drive_0027_sync/proj_depth/groundtruth/image_03/0000002060.png
imgs/2011_09_30/2011_09_30_drive_0018_sync/image_02/data/0000000842.png,train/2011_09_30_drive_0018_sync/proj_depth/groundtruth/image_02/0000000842.png
imgs/2011_10_03/2011_10_03_drive_0034_sync/image_03/data/0000003391.png,train/2011_10_03_drive_0034_sync/proj_depth/groundtruth/image_03/0000003391.png
imgs/2011_10_03/2011_10_03_drive_0027_sync/image_02/data/0000000993.png,train/2011_10_03_drive_0027_sync/proj_depth/groundtruth/image_02/0000000993.png
imgs/2011_09_26/2011_09_26_drive_0014_sync/image_02/data/0000000113.png,train/2011_09_26_drive_0014_sync/proj_depth/groundtruth/image_02/0000000113.png
imgs/2011_09_30/2011_09_30_drive_0028_sync/image_02/data/0000004760.png,train/2011_09_30_drive_0028_sync/proj_depth/groundtruth/image_02/0000004760.png
imgs/2011_09_26/2011_09_26_drive_0032_sync/image_02/data/0000000309.png,train/2011_09_26_drive_0032_sync/proj_depth/groundtruth/image_02/0000000309.png
imgs/2011_09_26/2011_09_26_drive_0101_sync/image_03/data/0000000039.png,train/2011_09_26_drive_0101_sync/proj_depth/groundtruth/image_03/0000000039.png
imgs/2011_09_26/2011_09_26_drive_0022_sync/image_02/data/0000000734.png,train/2011_09_26_drive_0022_sync/proj_depth/groundtruth/image_02/0000000734.png
imgs/2011_10_03/2011_10_03_drive_0034_sync/image_03/data/0000001408.png,train/2011_10_03_drive_0034_sync/proj_depth/groundtruth/image_03/0000001408.png
imgs/2011_09_29/2011_09_29_drive_0071_sync/image_03/data/0000000654.png,train/2011_09_29_drive_0071_sync/proj_depth/groundtruth/image_03/0000000654.png
imgs/2011_09_29/2011_09_29_drive_0004_sync/image_03/data/0000000312.png,train/2011_09_29_drive_0004_sync/proj_depth/groundtruth/image_03/0000000312.png
imgs/2011_10_03/2011_10_03_drive_0034_sync/image_03/data/0000001319.png,train/2011_10_03_drive_0034_sync/proj_depth/groundtruth/image_03/0000001319.png
imgs/2011_10_03/2011_10_03_drive_0027_sync/image_03/data/0000000601.png,train/2011_10_03_drive_0027_sync/proj_depth/groundtruth/image_03/0000000601.png
imgs/2011_09_26/2011_09_26_drive_0014_sync/image_03/data/0000000283.png,train/2011_09_26_drive_0014_sync/proj_depth/groundtruth/image_03/0000000283.png
imgs/2011_09_30/2011_09_30_drive_0027_sync/image_02/data/0000000203.png,train/2011_09_30_drive_0027_sync/proj_depth/groundtruth/image_02/0000000203.png
imgs/2011_10_03/2011_10_03_drive_0034_sync/image_03/data/0000002188.png,train/2011_10_03_drive_0034_sync/proj_depth/groundtruth/image_03/0000002188.png
imgs/2011_09_26/2011_09_26_drive_0056_sync/image_03/data/0000000171.png,train/2011_09_26_drive_0056_sync/proj_depth/groundtruth/image_03/0000000171.png
imgs/2011_10_03/2011_10_03_drive_0027_sync/image_03/data/0000002885.png,train/2011_10_03_drive_0027_sync/proj_depth/groundtruth/image_03/0000002885.png
imgs/2011_09_26/2011_09_26_drive_0093_sync/image_02/data/0000000089.png,train/2011_09_26_drive_0093_sync/proj_depth/groundtruth/image_02/0000000089.png
imgs/2011_09_30/2011_09_30_drive_0033_sync/image_02/data/0000000420.png,train/2011_09_30_drive_0033_sync/proj_depth/groundtruth/image_02/0000000420.png
imgs/2011_09_30/2011_09_30_drive_0028_sync/image_03/data/0000003589.png,train/2011_09_30_drive_0028_sync/proj_depth/groundtruth/image_03/0000003589.png
imgs/2011_09_26/2011_09_26_drive_0117_sync/image_02/data/0000000191.png,train/2011_09_26_drive_0117_sync/proj_depth/groundtruth/image_02/0000000191.png
imgs/2011_09_30/2011_09_30_drive_0034_sync/image_03/data/0000000371.png,train/2011_09_30_drive_0034_sync/proj_depth/groundtruth/image_03/0000000371.png
imgs/2011_09_30/2011_09_30_drive_0018_sync/image_03/data/0000000599.png,train/2011_09_30_drive_0018_sync/proj_depth/groundtruth/image_03/0000000599.png
imgs/2011_09_26/2011_09_26_drive_0086_sync/image_02/data/0000000454.png,train/2011_09_26_drive_0086_sync/proj_depth/groundtruth/image_02/0000000454.png
imgs/2011_10_03/2011_10_03_drive_0034_sync/image_03/data/0000001744.png,train/2011_10_03_drive_0034_sync/proj_depth/groundtruth/image_03/0000001744.png
imgs/2011_09_26/2011_09_26_drive_0028_sync/image_03/data/0000000327.png,train/2011_09_26_drive_0028_sync/proj_depth/groundtruth/image_03/0000000327.png
imgs/2011_09_26/2011_09_26_drive_0064_sync/image_03/data/0000000015.png,train/2011_09_26_drive_0064_sync/proj_depth/groundtruth/image_03/0000000015.png
imgs/2011_10_03/2011_10_03_drive_0042_sync/image_03/data/0000000498.png,train/2011_10_03_drive_0042_sync/proj_depth/groundtruth/image_03/0000000498.png
imgs/2011_09_26/2011_09_26_drive_0086_sync/image_02/data/0000000107.png,train/2011_09_26_drive_0086_sync/proj_depth/groundtruth/image_02/0000000107.png
imgs/2011_09_30/2011_09_30_drive_0028_sync/image_03/data/0000000915.png,train/2011_09_30_drive_0028_sync/proj_depth/groundtruth/image_03/0000000915.png
imgs/2011_09_26/2011_09_26_drive_0029_sync/image_03/data/0000000333.png,train/2011_09_26_drive_0029_sync/proj_depth/groundtruth/image_03/0000000333.png
imgs/2011_09_26/2011_09_26_drive_0096_sync/image_02/data/0000000109.png,train/2011_09_26_drive_0096_sync/proj_depth/groundtruth/image_02/0000000109.png
imgs/2011_09_26/2011_09_26_drive_0086_sync/image_03/data/0000000482.png,train/2011_09_26_drive_0086_sync/proj_depth/groundtruth/image_03/0000000482.png
imgs/2011_09_30/2011_09_30_drive_0033_sync/image_02/data/0000000846.png,train/2011_09_30_drive_0033_sync/proj_depth/groundtruth/image_02/0000000846.png
imgs/2011_09_30/2011_09_30_drive_0020_sync/image_02/data/0000000659.png,train/2011_09_30_drive_0020_sync/proj_depth/groundtruth/image_02/0000000659.png
imgs/2011_10_03/2011_10_03_drive_0034_sync/image_02/data/0000003330.png,train/2011_10_03_drive_0034_sync/proj_depth/groundtruth/image_02/0000003330.png
imgs/2011_09_26/2011_09_26_drive_0059_sync/image_02/data/0000000302.png,train/2011_09_26_drive_0059_sync/proj_depth/groundtruth/image_02/0000000302.png
imgs/2011_09_26/2011_09_26_drive_0059_sync/image_02/data/0000000210.png,train/2011_09_26_drive_0059_sync/proj_depth/groundtruth/image_02/0000000210.png
imgs/2011_09_30/2011_09_30_drive_0028_sync/image_02/data/0000000224.png,train/2011_09_30_drive_0028_sync/proj_depth/groundtruth/image_02/0000000224.png
imgs/2011_10_03/2011_10_03_drive_0027_sync/image_03/data/0000000053.png,train/2011_10_03_drive_0027_sync/proj_depth/groundtruth/image_03/0000000053.png
imgs/2011_10_03/2011_10_03_drive_0042_sync/image_03/data/0000000771.png,train/2011_10_03_drive_0042_sync/proj_depth/groundtruth/image_03/0000000771.png
imgs/2011_09_28/2011_09_28_drive_0132_sync/image_03/data/0000000052.png,train/2011_09_28_drive_0132_sync/proj_depth/groundtruth/image_03/0000000052.png
imgs/2011_09_30/2011_09_30_drive_0028_sync/image_03/data/0000000540.png,train/2011_09_30_drive_0028_sync/proj_depth/groundtruth/image_03/0000000540.png
imgs/2011_09_26/2011_09_26_drive_0017_sync/image_02/data/0000000040.png,train/2011_09_26_drive_0017_sync/proj_depth/groundtruth/image_02/0000000040.png
imgs/2011_09_28/2011_09_28_drive_0110_sync/image_02/data/0000000009.png,train/2011_09_28_drive_0110_sync/proj_depth/groundtruth/image_02/0000000009.png
imgs/2011_09_28/2011_09_28_drive_0201_sync/image_02/data/0000000035.png,train/2011_09_28_drive_0201_sync/proj_depth/groundtruth/image_02/0000000035.png
imgs/2011_09_29/2011_09_29_drive_0004_sync/image_03/data/0000000103.png,train/2011_09_29_drive_0004_sync/proj_depth/groundtruth/image_03/0000000103.png
imgs/2011_10_03/2011_10_03_drive_0034_sync/image_03/data/0000002325.png,train/2011_10_03_drive_0034_sync/proj_depth/groundtruth/image_03/0000002325.png
imgs/2011_09_26/2011_09_26_drive_0009_sync/image_03/data/0000000311.png,train/2011_09_26_drive_0009_sync/proj_depth/groundtruth/image_03/0000000311.png
imgs/2011_09_26/2011_09_26_drive_0059_sync/image_02/data/0000000056.png,train/2011_09_26_drive_0059_sync/proj_depth/groundtruth/image_02/0000000056.png
imgs/2011_10_03/2011_10_03_drive_0027_sync/image_03/data/0000002864.png,train/2011_10_03_drive_0027_sync/proj_depth/groundtruth/image_03/0000002864.png
imgs/2011_09_30/2011_09_30_drive_0028_sync/image_03/data/0000003460.png,train/2011_09_30_drive_0028_sync/proj_depth/groundtruth/image_03/0000003460.png
imgs/2011_10_03/2011_10_03_drive_0042_sync/image_03/data/0000000042.png,train/2011_10_03_drive_0042_sync/proj_depth/groundtruth/image_03/0000000042.png
imgs/2011_09_30/2011_09_30_drive_0028_sync/image_03/data/0000000566.png,train/2011_09_30_drive_0028_sync/proj_depth/groundtruth/image_03/0000000566.png
imgs/2011_09_30/2011_09_30_drive_0028_sync/image_03/data/0000000563.png,train/2011_09_30_drive_0028_sync/proj_depth/groundtruth/image_03/0000000563.png
imgs/2011_09_26/2011_09_26_drive_0039_sync/image_03/data/0000000206.png,train/2011_09_26_drive_0039_sync/proj_depth/groundtruth/image_03/0000000206.png
imgs/2011_09_28/2011_09_28_drive_0066_sync/image_02/data/0000000012.png,train/2011_09_28_drive_0066_sync/proj_depth/groundtruth/image_02/0000000012.png
imgs/2011_10_03/2011_10_03_drive_0027_sync/image_03/data/0000003173.png,train/2011_10_03_drive_0027_sync/proj_depth/groundtruth/image_03/0000003173.png
imgs/2011_09_26/2011_09_26_drive_0015_sync/image_03/data/0000000027.png,train/2011_09_26_drive_0015_sync/proj_depth/groundtruth/image_03/0000000027.png
imgs/2011_09_30/2011_09_30_drive_0028_sync/image_02/data/0000002281.png,train/2011_09_30_drive_0028_sync/proj_depth/groundtruth/image_02/0000002281.png
imgs/2011_09_26/2011_09_26_drive_0022_sync/image_02/data/0000000073.png,train/2011_09_26_drive_0022_sync/proj_depth/groundtruth/image_02/0000000073.png
imgs/2011_10_03/2011_10_03_drive_0034_sync/image_02/data/0000003873.png,train/2011_10_03_drive_0034_sync/proj_depth/groundtruth/image_02/0000003873.png
imgs/2011_09_26/2011_09_26_drive_0032_sync/image_02/data/0000000023.png,train/2011_09_26_drive_0032_sync/proj_depth/groundtruth/image_02/0000000023.png
imgs/2011_10_03/2011_10_03_drive_0027_sync/image_02/data/0000002025.png,train/2011_10_03_drive_0027_sync/proj_depth/groundtruth/image_02/0000002025.png
imgs/2011_09_30/2011_09_30_drive_0034_sync/image_03/data/0000001149.png,train/2011_09_30_drive_0034_sync/proj_depth/groundtruth/image_03/0000001149.png
imgs/2011_09_26/2011_09_26_drive_0096_sync/image_03/data/0000000101.png,train/2011_09_26_drive_0096_sync/proj_depth/groundtruth/image_03/0000000101.png
imgs/2011_10_03/2011_10_03_drive_0034_sync/image_03/data/0000001812.png,train/2011_10_03_drive_0034_sync/proj_depth/groundtruth/image_03/0000001812.png
imgs/2011_09_30/2011_09_30_drive_0034_sync/image_02/data/0000000378.png,train/2011_09_30_drive_0034_sync/proj_depth/groundtruth/image_02/0000000378.png
imgs/2011_09_26/2011_09_26_drive_0014_sync/image_02/data/0000000294.png,train/2011_09_26_drive_0014_sync/proj_depth/groundtruth/image_02/0000000294.png
imgs/2011_09_26/2011_09_26_drive_0051_sync/image_03/data/0000000151.png,train/2011_09_26_drive_0051_sync/proj_depth/groundtruth/image_03/0000000151.png
imgs/2011_10_03/2011_10_03_drive_0042_sync/image_03/data/0000000458.png,train/2011_10_03_drive_0042_sync/proj_depth/groundtruth/image_03/0000000458.png
imgs/2011_09_30/2011_09_30_drive_0020_sync/image_02/data/0000000312.png,train/2011_09_30_drive_0020_sync/proj_depth/groundtruth/image_02/0000000312.png
imgs/2011_09_28/2011_09_28_drive_0002_sync/image_03/data/0000000073.png,train/2011_09_28_drive_0002_sync/proj_depth/groundtruth/image_03/0000000073.png
imgs/2011_10_03/2011_10_03_drive_0034_sync/image_02/data/0000002807.png,train/2011_10_03_drive_0034_sync/proj_depth/groundtruth/image_02/0000002807.png
imgs/2011_09_30/2011_09_30_drive_0018_sync/image_02/data/0000002224.png,train/2011_09_30_drive_0018_sync/proj_depth/groundtruth/image_02/0000002224.png
imgs/2011_10_03/2011_10_03_drive_0034_sync/image_02/data/0000003290.png,train/2011_10_03_drive_0034_sync/proj_depth/groundtruth/image_02/0000003290.png
imgs/2011_09_26/2011_09_26_drive_0017_sync/image_02/data/0000000108.png,train/2011_09_26_drive_0017_sync/proj_depth/groundtruth/image_02/0000000108.png
imgs/2011_09_26/2011_09_26_drive_0001_sync/image_03/data/0000000059.png,train/2011_09_26_drive_0001_sync/proj_depth/groundtruth/image_03/0000000059.png
imgs/2011_09_26/2011_09_26_drive_0059_sync/image_02/data/0000000285.png,train/2011_09_26_drive_0059_sync/proj_depth/groundtruth/image_02/0000000285.png
imgs/2011_09_30/2011_09_30_drive_0028_sync/image_03/data/0000005053.png,train/2011_09_30_drive_0028_sync/proj_depth/groundtruth/image_03/0000005053.png
imgs/2011_10_03/2011_10_03_drive_0034_sync/image_02/data/0000000575.png,train/2011_10_03_drive_0034_sync/proj_depth/groundtruth/image_02/0000000575.png
imgs/2011_09_30/2011_09_30_drive_0028_sync/image_03/data/0000000582.png,train/2011_09_30_drive_0028_sync/proj_depth/groundtruth/image_03/0000000582.png
imgs/2011_10_03/2011_10_03_drive_0034_sync/image_02/data/0000001266.png,train/2011_10_03_drive_0034_sync/proj_depth/groundtruth/image_02/0000001266.png
imgs/2011_09_26/2011_09_26_drive_0057_sync/image_03/data/0000000259.png,train/2011_09_26_drive_0057_sync/proj_depth/groundtruth/image_03/0000000259.png
imgs/2011_09_26/2011_09_26_drive_0015_sync/image_02/data/0000000190.png,train/2011_09_26_drive_0015_sync/proj_depth/groundtruth/image_02/0000000190.png
imgs/2011_09_26/2011_09_26_drive_0087_sync/image_03/data/0000000717.png,train/2011_09_26_drive_0087_sync/proj_depth/groundtruth/image_03/0000000717.png
imgs/2011_09_26/2011_09_26_drive_0015_sync/image_03/data/0000000020.png,train/2011_09_26_drive_0015_sync/proj_depth/groundtruth/image_03/0000000020.png
imgs/2011_09_30/2011_09_30_drive_0028_sync/image_02/data/0000004175.png,train/2011_09_30_drive_0028_sync/proj_depth/groundtruth/image_02/0000004175.png
imgs/2011_10_03/2011_10_03_drive_0034_sync/image_02/data/0000000321.png,train/2011_10_03_drive_0034_sync/proj_depth/groundtruth/image_02/0000000321.png
imgs/2011_09_28/2011_09_28_drive_0174_sync/image_02/data/0000000011.png,train/2011_09_28_drive_0174_sync/proj_depth/groundtruth/image_02/0000000011.png
imgs/2011_09_26/2011_09_26_drive_0087_sync/image_02/data/0000000194.png,train/2011_09_26_drive_0087_sync/proj_depth/groundtruth/image_02/0000000194.png
imgs/2011_09_29/2011_09_29_drive_0004_sync/image_03/data/0000000143.png,train/2011_09_29_drive_0004_sync/proj_depth/groundtruth/image_03/0000000143.png
imgs/2011_09_30/2011_09_30_drive_0028_sync/image_02/data/0000004781.png,train/2011_09_30_drive_0028_sync/proj_depth/groundtruth/image_02/0000004781.png
imgs/2011_09_30/2011_09_30_drive_0034_sync/image_03/data/0000000290.png,train/2011_09_30_drive_0034_sync/proj_depth/groundtruth/image_03/0000000290.png
imgs/2011_09_26/2011_09_26_drive_0029_sync/image_02/data/0000000291.png,train/2011_09_26_drive_0029_sync/proj_depth/groundtruth/image_02/0000000291.png
imgs/2011_10_03/2011_10_03_drive_0027_sync/image_02/data/0000004044.png,train/2011_10_03_drive_0027_sync/proj_depth/groundtruth/image_02/0000004044.png
imgs/2011_10_03/2011_10_03_drive_0034_sync/image_02/data/0000004606.png,train/2011_10_03_drive_0034_sync/proj_depth/groundtruth/image_02/0000004606.png
imgs/2011_09_26/2011_09_26_drive_0057_sync/image_02/data/0000000306.png,train/2011_09_26_drive_0057_sync/proj_depth/groundtruth/image_02/0000000306.png
imgs/2011_09_30/2011_09_30_drive_0018_sync/image_02/data/0000001760.png,train/2011_09_30_drive_0018_sync/proj_depth/groundtruth/image_02/0000001760.png
imgs/2011_09_30/2011_09_30_drive_0020_sync/image_03/data/0000000097.png,train/2011_09_30_drive_0020_sync/proj_depth/groundtruth/image_03/0000000097.png
imgs/2011_09_30/2011_09_30_drive_0020_sync/image_03/data/0000000186.png,train/2011_09_30_drive_0020_sync/proj_depth/groundtruth/image_03/0000000186.png
imgs/2011_09_26/2011_09_26_drive_0027_sync/image_03/data/0000000165.png,train/2011_09_26_drive_0027_sync/proj_depth/groundtruth/image_03/0000000165.png
imgs/2011_09_30/2011_09_30_drive_0018_sync/image_03/data/0000002519.png,train/2011_09_30_drive_0018_sync/proj_depth/groundtruth/image_03/0000002519.png
imgs/2011_10_03/2011_10_03_drive_0027_sync/image_02/data/0000001455.png,train/2011_10_03_drive_0027_sync/proj_depth/groundtruth/image_02/0000001455.png
imgs/2011_09_29/2011_09_29_drive_0071_sync/image_03/data/0000000138.png,train/2011_09_29_drive_0071_sync/proj_depth/groundtruth/image_03/0000000138.png
imgs/2011_09_29/2011_09_29_drive_0071_sync/image_02/data/0000000252.png,train/2011_09_29_drive_0071_sync/proj_depth/groundtruth/image_02/0000000252.png
imgs/2011_09_30/2011_09_30_drive_0018_sync/image_03/data/0000001859.png,train/2011_09_30_drive_0018_sync/proj_depth/groundtruth/image_03/0000001859.png
imgs/2011_10_03/2011_10_03_drive_0027_sync/image_02/data/0000004373.png,train/2011_10_03_drive_0027_sync/proj_depth/groundtruth/image_02/0000004373.png
imgs/2011_10_03/2011_10_03_drive_0034_sync/image_03/data/0000002321.png,train/2011_10_03_drive_0034_sync/proj_depth/groundtruth/image_03/0000002321.png
imgs/2011_09_26/2011_09_26_drive_0101_sync/image_02/data/0000000047.png,train/2011_09_26_drive_0101_sync/proj_depth/groundtruth/image_02/0000000047.png
imgs/2011_10_03/2011_10_03_drive_0027_sync/image_03/data/0000003564.png,train/2011_10_03_drive_0027_sync/proj_depth/groundtruth/image_03/0000003564.png
imgs/2011_09_29/2011_09_29_drive_0004_sync/image_03/data/0000000098.png,train/2011_09_29_drive_0004_sync/proj_depth/groundtruth/image_03/0000000098.png
imgs/2011_09_26/2011_09_26_drive_0022_sync/image_03/data/0000000744.png,train/2011_09_26_drive_0022_sync/proj_depth/groundtruth/image_03/0000000744.png
imgs/2011_09_30/2011_09_30_drive_0028_sync/image_03/data/0000000900.png,train/2011_09_30_drive_0028_sync/proj_depth/groundtruth/image_03/0000000900.png
imgs/2011_10_03/2011_10_03_drive_0042_sync/image_03/data/0000001094.png,train/2011_10_03_drive_0042_sync/proj_depth/groundtruth/image_03/0000001094.png
imgs/2011_09_30/2011_09_30_drive_0028_sync/image_03/data/0000001925.png,train/2011_09_30_drive_0028_sync/proj_depth/groundtruth/image_03/0000001925.png
imgs/2011_09_26/2011_09_26_drive_0032_sync/image_02/data/0000000008.png,train/2011_09_26_drive_0032_sync/proj_depth/groundtruth/image_02/0000000008.png
imgs/2011_09_29/2011_09_29_drive_0071_sync/image_03/data/0000000947.png,train/2011_09_29_drive_0071_sync/proj_depth/groundtruth/image_03/0000000947.png
imgs/2011_09_26/2011_09_26_drive_0014_sync/image_02/data/0000000258.png,train/2011_09_26_drive_0014_sync/proj_depth/groundtruth/image_02/0000000258.png
imgs/2011_09_26/2011_09_26_drive_0093_sync/image_03/data/0000000239.png,train/2011_09_26_drive_0093_sync/proj_depth/groundtruth/image_03/0000000239.png
imgs/2011_10_03/2011_10_03_drive_0027_sync/image_03/data/0000000035.png,train/2011_10_03_drive_0027_sync/proj_depth/groundtruth/image_03/0000000035.png
imgs/2011_09_30/2011_09_30_drive_0028_sync/image_03/data/0000002528.png,train/2011_09_30_drive_0028_sync/proj_depth/groundtruth/image_03/0000002528.png
imgs/2011_09_26/2011_09_26_drive_0056_sync/image_03/data/0000000166.png,train/2011_09_26_drive_0056_sync/proj_depth/groundtruth/image_03/0000000166.png
imgs/2011_10_03/2011_10_03_drive_0027_sync/image_03/data/0000000394.png,train/2011_10_03_drive_0027_sync/proj_depth/groundtruth/image_03/0000000394.png
imgs/2011_09_26/2011_09_26_drive_0070_sync/image_02/data/0000000025.png,train/2011_09_26_drive_0070_sync/proj_depth/groundtruth/image_02/0000000025.png
imgs/2011_09_28/2011_09_28_drive_0075_sync/image_03/data/0000000022.png,train/2011_09_28_drive_0075_sync/proj_depth/groundtruth/image_03/0000000022.png
imgs/2011_10_03/2011_10_03_drive_0034_sync/image_02/data/0000004203.png,train/2011_10_03_drive_0034_sync/proj_depth/groundtruth/image_02/0000004203.png
imgs/2011_09_26/2011_09_26_drive_0101_sync/image_02/data/0000000313.png,train/2011_09_26_drive_0101_sync/proj_depth/groundtruth/image_02/0000000313.png
imgs/2011_09_26/2011_09_26_drive_0104_sync/image_03/data/0000000101.png,train/2011_09_26_drive_0104_sync/proj_depth/groundtruth/image_03/0000000101.png
imgs/2011_10_03/2011_10_03_drive_0034_sync/image_02/data/0000001297.png,train/2011_10_03_drive_0034_sync/proj_depth/groundtruth/image_02/0000001297.png
imgs/2011_09_28/2011_09_28_drive_0108_sync/image_03/data/0000000041.png,train/2011_09_28_drive_0108_sync/proj_depth/groundtruth/image_03/0000000041.png
imgs/2011_09_30/2011_09_30_drive_0028_sync/image_03/data/0000000883.png,train/2011_09_30_drive_0028_sync/proj_depth/groundtruth/image_03/0000000883.png
imgs/2011_09_26/2011_09_26_drive_0084_sync/image_02/data/0000000049.png,train/2011_09_26_drive_0084_sync/proj_depth/groundtruth/image_02/0000000049.png
imgs/2011_09_26/2011_09_26_drive_0093_sync/image_02/data/0000000224.png,train/2011_09_26_drive_0093_sync/proj_depth/groundtruth/image_02/0000000224.png
imgs/2011_09_29/2011_09_29_drive_0071_sync/image_03/data/0000000389.png,train/2011_09_29_drive_0071_sync/proj_depth/groundtruth/image_03/0000000389.png
imgs/2011_10_03/2011_10_03_drive_0027_sync/image_03/data/0000004441.png,train/2011_10_03_drive_0027_sync/proj_depth/groundtruth/image_03/0000004441.png
imgs/2011_09_28/2011_09_28_drive_0121_sync/image_02/data/0000000013.png,train/2011_09_28_drive_0121_sync/proj_depth/groundtruth/image_02/0000000013.png
imgs/2011_09_30/2011_09_30_drive_0018_sync/image_03/data/0000001081.png,train/2011_09_30_drive_0018_sync/proj_depth/groundtruth/image_03/0000001081.png
imgs/2011_10_03/2011_10_03_drive_0027_sync/image_02/data/0000000970.png,train/2011_10_03_drive_0027_sync/proj_depth/groundtruth/image_02/0000000970.png
imgs/2011_09_26/2011_09_26_drive_0117_sync/image_02/data/0000000234.png,train/2011_09_26_drive_0117_sync/proj_depth/groundtruth/image_02/0000000234.png
imgs/2011_10_03/2011_10_03_drive_0027_sync/image_02/data/0000003174.png,train/2011_10_03_drive_0027_sync/proj_depth/groundtruth/image_02/0000003174.png
imgs/2011_09_30/2011_09_30_drive_0028_sync/image_03/data/0000001693.png,train/2011_09_30_drive_0028_sync/proj_depth/groundtruth/image_03/0000001693.png
imgs/2011_09_26/2011_09_26_drive_0056_sync/image_03/data/0000000189.png,train/2011_09_26_drive_0056_sync/proj_depth/groundtruth/image_03/0000000189.png
imgs/2011_10_03/2011_10_03_drive_0034_sync/image_03/data/0000000789.png,train/2011_10_03_drive_0034_sync/proj_depth/groundtruth/image_03/0000000789.png
imgs/2011_09_30/2011_09_30_drive_0020_sync/image_02/data/0000000337.png,train/2011_09_30_drive_0020_sync/proj_depth/groundtruth/image_02/0000000337.png
imgs/2011_10_03/2011_10_03_drive_0034_sync/image_03/data/0000001170.png,train/2011_10_03_drive_0034_sync/proj_depth/groundtruth/image_03/0000001170.png
imgs/2011_09_26/2011_09_26_drive_0091_sync/image_03/data/0000000139.png,train/2011_09_26_drive_0091_sync/proj_depth/groundtruth/image_03/0000000139.png
imgs/2011_09_30/2011_09_30_drive_0020_sync/image_02/data/0000000105.png,train/2011_09_30_drive_0020_sync/proj_depth/groundtruth/image_02/0000000105.png
imgs/2011_09_26/2011_09_26_drive_0101_sync/image_03/data/0000000448.png,train/2011_09_26_drive_0101_sync/proj_depth/groundtruth/image_03/0000000448.png
imgs/2011_09_26/2011_09_26_drive_0061_sync/image_03/data/0000000166.png,train/2011_09_26_drive_0061_sync/proj_depth/groundtruth/image_03/0000000166.png
imgs/2011_09_30/2011_09_30_drive_0020_sync/image_02/data/0000000841.png,train/2011_09_30_drive_0020_sync/proj_depth/groundtruth/image_02/0000000841.png
imgs/2011_09_29/2011_09_29_drive_0071_sync/image_02/data/0000000708.png,train/2011_09_29_drive_0071_sync/proj_depth/groundtruth/image_02/0000000708.png
imgs/2011_10_03/2011_10_03_drive_0042_sync/image_03/data/0000000552.png,train/2011_10_03_drive_0042_sync/proj_depth/groundtruth/image_03/0000000552.png
imgs/2011_10_03/2011_10_03_drive_0027_sync/image_02/data/0000000272.png,train/2011_10_03_drive_0027_sync/proj_depth/groundtruth/image_02/0000000272.png
imgs/2011_09_30/2011_09_30_drive_0027_sync/image_02/data/0000000430.png,train/2011_09_30_drive_0027_sync/proj_depth/groundtruth/image_02/0000000430.png
imgs/2011_09_26/2011_09_26_drive_0104_sync/image_03/data/0000000007.png,train/2011_09_26_drive_0104_sync/proj_depth/groundtruth/image_03/0000000007.png
imgs/2011_10_03/2011_10_03_drive_0027_sync/image_03/data/0000002458.png,train/2011_10_03_drive_0027_sync/proj_depth/groundtruth/image_03/0000002458.png
imgs/2011_09_30/2011_09_30_drive_0018_sync/image_03/data/0000002132.png,train/2011_09_30_drive_0018_sync/proj_depth/groundtruth/image_03/0000002132.png
imgs/2011_09_26/2011_09_26_drive_0086_sync/image_02/data/0000000399.png,train/2011_09_26_drive_0086_sync/proj_depth/groundtruth/image_02/0000000399.png
imgs/2011_09_26/2011_09_26_drive_0101_sync/image_02/data/0000000803.png,train/2011_09_26_drive_0101_sync/proj_depth/groundtruth/image_02/0000000803.png
imgs/2011_09_30/2011_09_30_drive_0034_sync/image_03/data/0000000182.png,train/2011_09_30_drive_0034_sync/proj_depth/groundtruth/image_03/0000000182.png
imgs/2011_09_26/2011_09_26_drive_0056_sync/image_02/data/0000000228.png,train/2011_09_26_drive_0056_sync/proj_depth/groundtruth/image_02/0000000228.png
imgs/2011_10_03/2011_10_03_drive_0027_sync/image_03/data/0000000131.png,train/2011_10_03_drive_0027_sync/proj_depth/groundtruth/image_03/0000000131.png
imgs/2011_10_03/2011_10_03_drive_0027_sync/image_03/data/0000001148.png,train/2011_10_03_drive_0027_sync/proj_depth/groundtruth/image_03/0000001148.png
imgs/2011_09_30/2011_09_30_drive_0033_sync/image_03/data/0000000123.png,train/2011_09_30_drive_0033_sync/proj_depth/groundtruth/image_03/0000000123.png
imgs/2011_09_26/2011_09_26_drive_0061_sync/image_02/data/0000000167.png,train/2011_09_26_drive_0061_sync/proj_depth/groundtruth/image_02/0000000167.png
imgs/2011_09_26/2011_09_26_drive_0064_sync/image_03/data/0000000166.png,train/2011_09_26_drive_0064_sync/proj_depth/groundtruth/image_03/0000000166.png
imgs/2011_09_26/2011_09_26_drive_0061_sync/image_02/data/0000000410.png,train/2011_09_26_drive_0061_sync/proj_depth/groundtruth/image_02/0000000410.png
imgs/2011_09_30/2011_09_30_drive_0028_sync/image_02/data/0000001028.png,train/2011_09_30_drive_0028_sync/proj_depth/groundtruth/image_02/0000001028.png
imgs/2011_09_28/2011_09_28_drive_0177_sync/image_02/data/0000000022.png,train/2011_09_28_drive_0177_sync/proj_depth/groundtruth/image_02/0000000022.png
imgs/2011_10_03/2011_10_03_drive_0034_sync/image_03/data/0000004339.png,train/2011_10_03_drive_0034_sync/proj_depth/groundtruth/image_03/0000004339.png
imgs/2011_09_30/2011_09_30_drive_0018_sync/image_02/data/0000000600.png,train/2011_09_30_drive_0018_sync/proj_depth/groundtruth/image_02/0000000600.png
imgs/2011_09_29/2011_09_29_drive_0071_sync/image_03/data/0000000126.png,train/2011_09_29_drive_0071_sync/proj_depth/groundtruth/image_03/0000000126.png
imgs/2011_09_28/2011_09_28_drive_0184_sync/image_03/data/0000000053.png,train/2011_09_28_drive_0184_sync/proj_depth/groundtruth/image_03/0000000053.png
imgs/2011_09_30/2011_09_30_drive_0028_sync/image_02/data/0000003006.png,train/2011_09_30_drive_0028_sync/proj_depth/groundtruth/image_02/0000003006.png
imgs/2011_10_03/2011_10_03_drive_0027_sync/image_03/data/0000000547.png,train/2011_10_03_drive_0027_sync/proj_depth/groundtruth/image_03/0000000547.png
imgs/2011_09_26/2011_09_26_drive_0087_sync/image_02/data/0000000108.png,train/2011_09_26_drive_0087_sync/proj_depth/groundtruth/image_02/0000000108.png
imgs/2011_10_03/2011_10_03_drive_0034_sync/image_02/data/0000002854.png,train/2011_10_03_drive_0034_sync/proj_depth/groundtruth/image_02/0000002854.png
imgs/2011_09_30/2011_09_30_drive_0020_sync/image_03/data/0000000514.png,train/2011_09_30_drive_0020_sync/proj_depth/groundtruth/image_03/0000000514.png
imgs/2011_09_26/2011_09_26_drive_0029_sync/image_02/data/0000000043.png,train/2011_09_26_drive_0029_sync/proj_depth/groundtruth/image_02/0000000043.png
imgs/2011_09_26/2011_09_26_drive_0106_sync/image_03/data/0000000156.png,train/2011_09_26_drive_0106_sync/proj_depth/groundtruth/image_03/0000000156.png
imgs/2011_09_26/2011_09_26_drive_0015_sync/image_03/data/0000000251.png,train/2011_09_26_drive_0015_sync/proj_depth/groundtruth/image_03/0000000251.png
imgs/2011_09_26/2011_09_26_drive_0039_sync/image_02/data/0000000208.png,train/2011_09_26_drive_0039_sync/proj_depth/groundtruth/image_02/0000000208.png
imgs/2011_09_30/2011_09_30_drive_0028_sync/image_03/data/0000003712.png,train/2011_09_30_drive_0028_sync/proj_depth/groundtruth/image_03/0000003712.png
imgs/2011_10_03/2011_10_03_drive_0034_sync/image_03/data/0000000718.png,train/2011_10_03_drive_0034_sync/proj_depth/groundtruth/image_03/0000000718.png
imgs/2011_09_26/2011_09_26_drive_0032_sync/image_02/data/0000000339.png,train/2011_09_26_drive_0032_sync/proj_depth/groundtruth/image_02/0000000339.png
imgs/2011_09_28/2011_09_28_drive_0102_sync/image_02/data/0000000027.png,train/2011_09_28_drive_0102_sync/proj_depth/groundtruth/image_02/0000000027.png
imgs/2011_09_30/2011_09_30_drive_0028_sync/image_02/data/0000000146.png,train/2011_09_30_drive_0028_sync/proj_depth/groundtruth/image_02/0000000146.png
imgs/2011_09_28/2011_09_28_drive_0002_sync/image_02/data/0000000188.png,train/2011_09_28_drive_0002_sync/proj_depth/groundtruth/image_02/0000000188.png
imgs/2011_09_28/2011_09_28_drive_0220_sync/image_03/data/0000000051.png,train/2011_09_28_drive_0220_sync/proj_depth/groundtruth/image_03/0000000051.png
imgs/2011_09_26/2011_09_26_drive_0009_sync/image_02/data/0000000425.png,train/2011_09_26_drive_0009_sync/proj_depth/groundtruth/image_02/0000000425.png
imgs/2011_09_26/2011_09_26_drive_0028_sync/image_02/data/0000000203.png,train/2011_09_26_drive_0028_sync/proj_depth/groundtruth/image_02/0000000203.png
imgs/2011_09_30/2011_09_30_drive_0028_sync/image_02/data/0000004118.png,train/2011_09_30_drive_0028_sync/proj_depth/groundtruth/image_02/0000004118.png
imgs/2011_10_03/2011_10_03_drive_0034_sync/image_03/data/0000001531.png,train/2011_10_03_drive_0034_sync/proj_depth/groundtruth/image_03/0000001531.png
imgs/2011_09_26/2011_09_26_drive_0046_sync/image_02/data/0000000109.png,train/2011_09_26_drive_0046_sync/proj_depth/groundtruth/image_02/0000000109.png
imgs/2011_09_29/2011_09_29_drive_0071_sync/image_02/data/0000000337.png,train/2011_09_29_drive_0071_sync/proj_depth/groundtruth/image_02/0000000337.png
imgs/2011_09_30/2011_09_30_drive_0033_sync/image_02/data/0000001062.png,train/2011_09_30_drive_0033_sync/proj_depth/groundtruth/image_02/0000001062.png
imgs/2011_09_26/2011_09_26_drive_0061_sync/image_03/data/0000000241.png,train/2011_09_26_drive_0061_sync/proj_depth/groundtruth/image_03/0000000241.png
imgs/2011_09_26/2011_09_26_drive_0087_sync/image_03/data/0000000550.png,train/2011_09_26_drive_0087_sync/proj_depth/groundtruth/image_03/0000000550.png
imgs/2011_09_26/2011_09_26_drive_0014_sync/image_03/data/0000000052.png,train/2011_09_26_drive_0014_sync/proj_depth/groundtruth/image_03/0000000052.png
imgs/2011_09_30/2011_09_30_drive_0034_sync/image_03/data/0000000661.png,train/2011_09_30_drive_0034_sync/proj_depth/groundtruth/image_03/0000000661.png
imgs/2011_09_30/2011_09_30_drive_0028_sync/image_02/data/0000001888.png,train/2011_09_30_drive_0028_sync/proj_depth/groundtruth/image_02/0000001888.png
imgs/2011_09_30/2011_09_30_drive_0028_sync/image_02/data/0000000726.png,train/2011_09_30_drive_0028_sync/proj_depth/groundtruth/image_02/0000000726.png
imgs/2011_09_28/2011_09_28_drive_0016_sync/image_03/data/0000000111.png,train/2011_09_28_drive_0016_sync/proj_depth/groundtruth/image_03/0000000111.png
imgs/2011_09_30/2011_09_30_drive_0033_sync/image_02/data/0000000713.png,train/2011_09_30_drive_0033_sync/proj_depth/groundtruth/image_02/0000000713.png
imgs/2011_10_03/2011_10_03_drive_0027_sync/image_03/data/0000003614.png,train/2011_10_03_drive_0027_sync/proj_depth/groundtruth/image_03/0000003614.png
imgs/2011_09_26/2011_09_26_drive_0101_sync/image_02/data/0000000847.png,train/2011_09_26_drive_0101_sync/proj_depth/groundtruth/image_02/0000000847.png
imgs/2011_10_03/2011_10_03_drive_0034_sync/image_02/data/0000004272.png,train/2011_10_03_drive_0034_sync/proj_depth/groundtruth/image_02/0000004272.png
imgs/2011_09_26/2011_09_26_drive_0022_sync/image_03/data/0000000529.png,train/2011_09_26_drive_0022_sync/proj_depth/groundtruth/image_03/0000000529.png
imgs/2011_09_30/2011_09_30_drive_0028_sync/image_03/data/0000002111.png,train/2011_09_30_drive_0028_sync/proj_depth/groundtruth/image_03/0000002111.png
imgs/2011_09_28/2011_09_28_drive_0039_sync/image_02/data/0000000192.png,train/2011_09_28_drive_0039_sync/proj_depth/groundtruth/image_02/0000000192.png
imgs/2011_09_26/2011_09_26_drive_0001_sync/image_02/data/0000000071.png,train/2011_09_26_drive_0001_sync/proj_depth/groundtruth/image_02/0000000071.png
imgs/2011_09_30/2011_09_30_drive_0028_sync/image_02/data/0000002089.png,train/2011_09_30_drive_0028_sync/proj_depth/groundtruth/image_02/0000002089.png
imgs/2011_09_30/2011_09_30_drive_0027_sync/image_03/data/0000000378.png,train/2011_09_30_drive_0027_sync/proj_depth/groundtruth/image_03/0000000378.png
imgs/2011_09_30/2011_09_30_drive_0028_sync/image_02/data/0000004187.png,train/2011_09_30_drive_0028_sync/proj_depth/groundtruth/image_02/0000004187.png
imgs/2011_09_28/2011_09_28_drive_0174_sync/image_02/data/0000000006.png,train/2011_09_28_drive_0174_sync/proj_depth/groundtruth/image_02/0000000006.png
imgs/2011_09_30/2011_09_30_drive_0028_sync/image_02/data/0000003038.png,train/2011_09_30_drive_0028_sync/proj_depth/groundtruth/image_02/0000003038.png
imgs/2011_10_03/2011_10_03_drive_0034_sync/image_03/data/0000002371.png,train/2011_10_03_drive_0034_sync/proj_depth/groundtruth/image_03/0000002371.png
imgs/2011_09_30/2011_09_30_drive_0018_sync/image_03/data/0000002414.png,train/2011_09_30_drive_0018_sync/proj_depth/groundtruth/image_03/0000002414.png
imgs/2011_09_28/2011_09_28_drive_0167_sync/image_03/data/0000000043.png,train/2011_09_28_drive_0167_sync/proj_depth/groundtruth/image_03/0000000043.png
imgs/2011_09_28/2011_09_28_drive_0065_sync/image_03/data/0000000011.png,train/2011_09_28_drive_0065_sync/proj_depth/groundtruth/image_03/0000000011.png
imgs/2011_09_30/2011_09_30_drive_0028_sync/image_02/data/0000004045.png,train/2011_09_30_drive_0028_sync/proj_depth/groundtruth/image_02/0000004045.png
imgs/2011_09_26/2011_09_26_drive_0084_sync/image_02/data/0000000181.png,train/2011_09_26_drive_0084_sync/proj_depth/groundtruth/image_02/0000000181.png
imgs/2011_09_26/2011_09_26_drive_0059_sync/image_02/data/0000000031.png,train/2011_09_26_drive_0059_sync/proj_depth/groundtruth/image_02/0000000031.png
imgs/2011_09_30/2011_09_30_drive_0020_sync/image_02/data/0000000067.png,train/2011_09_30_drive_0020_sync/proj_depth/groundtruth/image_02/0000000067.png
imgs/2011_09_26/2011_09_26_drive_0051_sync/image_02/data/0000000274.png,train/2011_09_26_drive_0051_sync/proj_depth/groundtruth/image_02/0000000274.png
imgs/2011_09_30/2011_09_30_drive_0028_sync/image_03/data/0000001711.png,train/2011_09_30_drive_0028_sync/proj_depth/groundtruth/image_03/0000001711.png
imgs/2011_09_30/2011_09_30_drive_0020_sync/image_03/data/0000000730.png,train/2011_09_30_drive_0020_sync/proj_depth/groundtruth/image_03/0000000730.png
imgs/2011_09_28/2011_09_28_drive_0096_sync/image_03/data/0000000030.png,train/2011_09_28_drive_0096_sync/proj_depth/groundtruth/image_03/0000000030.png
imgs/2011_09_26/2011_09_26_drive_0051_sync/image_02/data/0000000089.png,train/2011_09_26_drive_0051_sync/proj_depth/groundtruth/image_02/0000000089.png
imgs/2011_09_26/2011_09_26_drive_0015_sync/image_02/data/0000000253.png,train/2011_09_26_drive_0015_sync/proj_depth/groundtruth/image_02/0000000253.png
imgs/2011_10_03/2011_10_03_drive_0034_sync/image_03/data/0000002062.png,train/2011_10_03_drive_0034_sync/proj_depth/groundtruth/image_03/0000002062.png
imgs/2011_09_26/2011_09_26_drive_0106_sync/image_02/data/0000000076.png,train/2011_09_26_drive_0106_sync/proj_depth/groundtruth/image_02/0000000076.png
imgs/2011_09_26/2011_09_26_drive_0027_sync/image_03/data/0000000101.png,train/2011_09_26_drive_0027_sync/proj_depth/groundtruth/image_03/0000000101.png
imgs/2011_09_28/2011_09_28_drive_0071_sync/image_03/data/0000000037.png,train/2011_09_28_drive_0071_sync/proj_depth/groundtruth/image_03/0000000037.png
imgs/2011_09_26/2011_09_26_drive_0015_sync/image_03/data/0000000043.png,train/2011_09_26_drive_0015_sync/proj_depth/groundtruth/image_03/0000000043.png
imgs/2011_09_26/2011_09_26_drive_0061_sync/image_03/data/0000000437.png,train/2011_09_26_drive_0061_sync/proj_depth/groundtruth/image_03/0000000437.png
imgs/2011_09_29/2011_09_29_drive_0071_sync/image_02/data/0000000774.png,train/2011_09_29_drive_0071_sync/proj_depth/groundtruth/image_02/0000000774.png
imgs/2011_09_30/2011_09_30_drive_0028_sync/image_02/data/0000003618.png,train/2011_09_30_drive_0028_sync/proj_depth/groundtruth/image_02/0000003618.png
imgs/2011_09_30/2011_09_30_drive_0028_sync/image_02/data/0000002150.png,train/2011_09_30_drive_0028_sync/proj_depth/groundtruth/image_02/0000002150.png
imgs/2011_09_28/2011_09_28_drive_0132_sync/image_03/data/0000000038.png,train/2011_09_28_drive_0132_sync/proj_depth/groundtruth/image_03/0000000038.png
imgs/2011_09_26/2011_09_26_drive_0070_sync/image_03/data/0000000063.png,train/2011_09_26_drive_0070_sync/proj_depth/groundtruth/image_03/0000000063.png
imgs/2011_09_26/2011_09_26_drive_0101_sync/image_03/data/0000000846.png,train/2011_09_26_drive_0101_sync/proj_depth/groundtruth/image_03/0000000846.png
imgs/2011_09_26/2011_09_26_drive_0104_sync/image_02/data/0000000282.png,train/2011_09_26_drive_0104_sync/proj_depth/groundtruth/image_02/0000000282.png
imgs/2011_10_03/2011_10_03_drive_0034_sync/image_03/data/0000002216.png,train/2011_10_03_drive_0034_sync/proj_depth/groundtruth/image_03/0000002216.png
imgs/2011_09_26/2011_09_26_drive_0084_sync/image_02/data/0000000128.png,train/2011_09_26_drive_0084_sync/proj_depth/groundtruth/image_02/0000000128.png
imgs/2011_09_30/2011_09_30_drive_0033_sync/image_03/data/0000001561.png,train/2011_09_30_drive_0033_sync/proj_depth/groundtruth/image_03/0000001561.png
imgs/2011_09_26/2011_09_26_drive_0009_sync/image_03/data/0000000050.png,train/2011_09_26_drive_0009_sync/proj_depth/groundtruth/image_03/0000000050.png
imgs/2011_09_28/2011_09_28_drive_0016_sync/image_03/data/0000000031.png,train/2011_09_28_drive_0016_sync/proj_depth/groundtruth/image_03/0000000031.png
imgs/2011_09_30/2011_09_30_drive_0020_sync/image_03/data/0000000319.png,train/2011_09_30_drive_0020_sync/proj_depth/groundtruth/image_03/0000000319.png
imgs/2011_10_03/2011_10_03_drive_0034_sync/image_02/data/0000004271.png,train/2011_10_03_drive_0034_sync/proj_depth/groundtruth/image_02/0000004271.png
imgs/2011_09_26/2011_09_26_drive_0018_sync/image_03/data/0000000259.png,train/2011_09_26_drive_0018_sync/proj_depth/groundtruth/image_03/0000000259.png
imgs/2011_09_26/2011_09_26_drive_0064_sync/image_03/data/0000000377.png,train/2011_09_26_drive_0064_sync/proj_depth/groundtruth/image_03/0000000377.png
imgs/2011_09_26/2011_09_26_drive_0051_sync/image_02/data/0000000113.png,train/2011_09_26_drive_0051_sync/proj_depth/groundtruth/image_02/0000000113.png
imgs/2011_09_26/2011_09_26_drive_0039_sync/image_02/data/0000000057.png,train/2011_09_26_drive_0039_sync/proj_depth/groundtruth/image_02/0000000057.png
imgs/2011_10_03/2011_10_03_drive_0034_sync/image_03/data/0000001060.png,train/2011_10_03_drive_0034_sync/proj_depth/groundtruth/image_03/0000001060.png
imgs/2011_09_26/2011_09_26_drive_0087_sync/image_02/data/0000000593.png,train/2011_09_26_drive_0087_sync/proj_depth/groundtruth/image_02/0000000593.png
imgs/2011_09_29/2011_09_29_drive_0071_sync/image_03/data/0000000862.png,train/2011_09_29_drive_0071_sync/proj_depth/groundtruth/image_03/0000000862.png
imgs/2011_09_30/2011_09_30_drive_0028_sync/image_02/data/0000004441.png,train/2011_09_30_drive_0028_sync/proj_depth/groundtruth/image_02/0000004441.png
imgs/2011_09_26/2011_09_26_drive_0070_sync/image_03/data/0000000412.png,train/2011_09_26_drive_0070_sync/proj_depth/groundtruth/image_03/0000000412.png
imgs/2011_09_26/2011_09_26_drive_0087_sync/image_02/data/0000000124.png,train/2011_09_26_drive_0087_sync/proj_depth/groundtruth/image_02/0000000124.png
imgs/2011_09_30/2011_09_30_drive_0028_sync/image_02/data/0000003186.png,train/2011_09_30_drive_0028_sync/proj_depth/groundtruth/image_02/0000003186.png
imgs/2011_09_26/2011_09_26_drive_0086_sync/image_02/data/0000000324.png,train/2011_09_26_drive_0086_sync/proj_depth/groundtruth/image_02/0000000324.png
imgs/2011_09_26/2011_09_26_drive_0086_sync/image_03/data/0000000028.png,train/2011_09_26_drive_0086_sync/proj_depth/groundtruth/image_03/0000000028.png
imgs/2011_09_26/2011_09_26_drive_0028_sync/image_02/data/0000000180.png,train/2011_09_26_drive_0028_sync/proj_depth/groundtruth/image_02/0000000180.png
imgs/2011_09_26/2011_09_26_drive_0027_sync/image_03/data/0000000052.png,train/2011_09_26_drive_0027_sync/proj_depth/groundtruth/image_03/0000000052.png
imgs/2011_10_03/2011_10_03_drive_0027_sync/image_02/data/0000001291.png,train/2011_10_03_drive_0027_sync/proj_depth/groundtruth/image_02/0000001291.png
imgs/2011_09_26/2011_09_26_drive_0059_sync/image_03/data/0000000353.png,train/2011_09_26_drive_0059_sync/proj_depth/groundtruth/image_03/0000000353.png
imgs/2011_09_28/2011_09_28_drive_0156_sync/image_02/data/0000000006.png,train/2011_09_28_drive_0156_sync/proj_depth/groundtruth/image_02/0000000006.png
imgs/2011_10_03/2011_10_03_drive_0034_sync/image_02/data/0000002898.png,train/2011_10_03_drive_0034_sync/proj_depth/groundtruth/image_02/0000002898.png
imgs/2011_09_26/2011_09_26_drive_0064_sync/image_03/data/0000000268.png,train/2011_09_26_drive_0064_sync/proj_depth/groundtruth/image_03/0000000268.png
imgs/2011_10_03/2011_10_03_drive_0027_sync/image_03/data/0000001493.png,train/2011_10_03_drive_0027_sync/proj_depth/groundtruth/image_03/0000001493.png
imgs/2011_09_30/2011_09_30_drive_0033_sync/image_02/data/0000000931.png,train/2011_09_30_drive_0033_sync/proj_depth/groundtruth/image_02/0000000931.png
imgs/2011_09_26/2011_09_26_drive_0032_sync/image_03/data/0000000314.png,train/2011_09_26_drive_0032_sync/proj_depth/groundtruth/image_03/0000000314.png
imgs/2011_09_30/2011_09_30_drive_0033_sync/image_02/data/0000001280.png,train/2011_09_30_drive_0033_sync/proj_depth/groundtruth/image_02/0000001280.png
imgs/2011_09_30/2011_09_30_drive_0027_sync/image_02/data/0000000661.png,train/2011_09_30_drive_0027_sync/proj_depth/groundtruth/image_02/0000000661.png
imgs/2011_09_26/2011_09_26_drive_0106_sync/image_03/data/0000000095.png,train/2011_09_26_drive_0106_sync/proj_depth/groundtruth/image_03/0000000095.png
imgs/2011_10_03/2011_10_03_drive_0034_sync/image_03/data/0000000661.png,train/2011_10_03_drive_0034_sync/proj_depth/groundtruth/image_03/0000000661.png
imgs/2011_10_03/2011_10_03_drive_0034_sync/image_03/data/0000001809.png,train/2011_10_03_drive_0034_sync/proj_depth/groundtruth/image_03/0000001809.png
imgs/2011_09_30/2011_09_30_drive_0018_sync/image_02/data/0000002294.png,train/2011_09_30_drive_0018_sync/proj_depth/groundtruth/image_02/0000002294.png
imgs/2011_09_26/2011_09_26_drive_0019_sync/image_02/data/0000000215.png,train/2011_09_26_drive_0019_sync/proj_depth/groundtruth/image_02/0000000215.png
imgs/2011_09_26/2011_09_26_drive_0029_sync/image_02/data/0000000045.png,train/2011_09_26_drive_0029_sync/proj_depth/groundtruth/image_02/0000000045.png
imgs/2011_09_28/2011_09_28_drive_0039_sync/image_02/data/0000000247.png,train/2011_09_28_drive_0039_sync/proj_depth/groundtruth/image_02/0000000247.png
imgs/2011_09_26/2011_09_26_drive_0064_sync/image_03/data/0000000442.png,train/2011_09_26_drive_0064_sync/proj_depth/groundtruth/image_03/0000000442.png
imgs/2011_09_29/2011_09_29_drive_0071_sync/image_02/data/0000000908.png,train/2011_09_29_drive_0071_sync/proj_depth/groundtruth/image_02/0000000908.png
imgs/2011_09_30/2011_09_30_drive_0027_sync/image_02/data/0000001060.png,train/2011_09_30_drive_0027_sync/proj_depth/groundtruth/image_02/0000001060.png
imgs/2011_09_30/2011_09_30_drive_0018_sync/image_03/data/0000001232.png,train/2011_09_30_drive_0018_sync/proj_depth/groundtruth/image_03/0000001232.png
imgs/2011_09_26/2011_09_26_drive_0051_sync/image_03/data/0000000096.png,train/2011_09_26_drive_0051_sync/proj_depth/groundtruth/image_03/0000000096.png
imgs/2011_10_03/2011_10_03_drive_0027_sync/image_02/data/0000003800.png,train/2011_10_03_drive_0027_sync/proj_depth/groundtruth/image_02/0000003800.png
imgs/2011_09_30/2011_09_30_drive_0028_sync/image_03/data/0000000964.png,train/2011_09_30_drive_0028_sync/proj_depth/groundtruth/image_03/0000000964.png
imgs/2011_09_26/2011_09_26_drive_0064_sync/image_02/data/0000000107.png,train/2011_09_26_drive_0064_sync/proj_depth/groundtruth/image_02/0000000107.png
imgs/2011_10_03/2011_10_03_drive_0027_sync/image_03/data/0000003283.png,train/2011_10_03_drive_0027_sync/proj_depth/groundtruth/image_03/0000003283.png
imgs/2011_09_26/2011_09_26_drive_0093_sync/image_02/data/0000000355.png,train/2011_09_26_drive_0093_sync/proj_depth/groundtruth/image_02/0000000355.png
imgs/2011_10_03/2011_10_03_drive_0027_sync/image_02/data/0000003374.png,train/2011_10_03_drive_0027_sync/proj_depth/groundtruth/image_02/0000003374.png
imgs/2011_09_30/2011_09_30_drive_0018_sync/image_02/data/0000000542.png,train/2011_09_30_drive_0018_sync/proj_depth/groundtruth/image_02/0000000542.png
imgs/2011_09_29/2011_09_29_drive_0071_sync/image_02/data/0000000348.png,train/2011_09_29_drive_0071_sync/proj_depth/groundtruth/image_02/0000000348.png
imgs/2011_10_03/2011_10_03_drive_0027_sync/image_03/data/0000001521.png,train/2011_10_03_drive_0027_sync/proj_depth/groundtruth/image_03/0000001521.png
imgs/2011_09_26/2011_09_26_drive_0091_sync/image_02/data/0000000228.png,train/2011_09_26_drive_0091_sync/proj_depth/groundtruth/image_02/0000000228.png
imgs/2011_09_26/2011_09_26_drive_0070_sync/image_03/data/0000000311.png,train/2011_09_26_drive_0070_sync/proj_depth/groundtruth/image_03/0000000311.png
imgs/2011_09_30/2011_09_30_drive_0033_sync/image_02/data/0000000333.png,train/2011_09_30_drive_0033_sync/proj_depth/groundtruth/image_02/0000000333.png
imgs/2011_09_28/2011_09_28_drive_0195_sync/image_03/data/0000000022.png,train/2011_09_28_drive_0195_sync/proj_depth/groundtruth/image_03/0000000022.png
imgs/2011_09_26/2011_09_26_drive_0015_sync/image_03/data/0000000156.png,train/2011_09_26_drive_0015_sync/proj_depth/groundtruth/image_03/0000000156.png
imgs/2011_10_03/2011_10_03_drive_0027_sync/image_02/data/0000000308.png,train/2011_10_03_drive_0027_sync/proj_depth/groundtruth/image_02/0000000308.png
imgs/2011_09_26/2011_09_26_drive_0029_sync/image_03/data/0000000262.png,train/2011_09_26_drive_0029_sync/proj_depth/groundtruth/image_03/0000000262.png
imgs/2011_09_28/2011_09_28_drive_0143_sync/image_03/data/0000000013.png,train/2011_09_28_drive_0143_sync/proj_depth/groundtruth/image_03/0000000013.png
imgs/2011_09_28/2011_09_28_drive_0016_sync/image_02/data/0000000170.png,train/2011_09_28_drive_0016_sync/proj_depth/groundtruth/image_02/0000000170.png
imgs/2011_09_28/2011_09_28_drive_0192_sync/image_02/data/0000000005.png,train/2011_09_28_drive_0192_sync/proj_depth/groundtruth/image_02/0000000005.png
imgs/2011_09_28/2011_09_28_drive_0068_sync/image_03/data/0000000040.png,train/2011_09_28_drive_0068_sync/proj_depth/groundtruth/image_03/0000000040.png
imgs/2011_09_28/2011_09_28_drive_0132_sync/image_03/data/0000000040.png,train/2011_09_28_drive_0132_sync/proj_depth/groundtruth/image_03/0000000040.png
imgs/2011_09_26/2011_09_26_drive_0070_sync/image_02/data/0000000248.png,train/2011_09_26_drive_0070_sync/proj_depth/groundtruth/image_02/0000000248.png
imgs/2011_10_03/2011_10_03_drive_0027_sync/image_02/data/0000000267.png,train/2011_10_03_drive_0027_sync/proj_depth/groundtruth/image_02/0000000267.png
imgs/2011_09_26/2011_09_26_drive_0064_sync/image_02/data/0000000207.png,train/2011_09_26_drive_0064_sync/proj_depth/groundtruth/image_02/0000000207.png
imgs/2011_10_03/2011_10_03_drive_0042_sync/image_02/data/0000000327.png,train/2011_10_03_drive_0042_sync/proj_depth/groundtruth/image_02/0000000327.png
imgs/2011_09_28/2011_09_28_drive_0016_sync/image_03/data/0000000043.png,train/2011_09_28_drive_0016_sync/proj_depth/groundtruth/image_03/0000000043.png
imgs/2011_09_30/2011_09_30_drive_0027_sync/image_02/data/0000000664.png,train/2011_09_30_drive_0027_sync/proj_depth/groundtruth/image_02/0000000664.png
imgs/2011_09_26/2011_09_26_drive_0011_sync/image_03/data/0000000144.png,train/2011_09_26_drive_0011_sync/proj_depth/groundtruth/image_03/0000000144.png
imgs/2011_09_30/2011_09_30_drive_0018_sync/image_02/data/0000000015.png,train/2011_09_30_drive_0018_sync/proj_depth/groundtruth/image_02/0000000015.png
imgs/2011_09_29/2011_09_29_drive_0004_sync/image_02/data/0000000248.png,train/2011_09_29_drive_0004_sync/proj_depth/groundtruth/image_02/0000000248.png
imgs/2011_10_03/2011_10_03_drive_0034_sync/image_03/data/0000000292.png,train/2011_10_03_drive_0034_sync/proj_depth/groundtruth/image_03/0000000292.png
imgs/2011_09_26/2011_09_26_drive_0022_sync/image_03/data/0000000168.png,train/2011_09_26_drive_0022_sync/proj_depth/groundtruth/image_03/0000000168.png
imgs/2011_09_28/2011_09_28_drive_0016_sync/image_03/data/0000000065.png,train/2011_09_28_drive_0016_sync/proj_depth/groundtruth/image_03/0000000065.png
imgs/2011_09_26/2011_09_26_drive_0061_sync/image_02/data/0000000221.png,train/2011_09_26_drive_0061_sync/proj_depth/groundtruth/image_02/0000000221.png
imgs/2011_10_03/2011_10_03_drive_0027_sync/image_03/data/0000000476.png,train/2011_10_03_drive_0027_sync/proj_depth/groundtruth/image_03/0000000476.png
imgs/2011_10_03/2011_10_03_drive_0042_sync/image_02/data/0000000925.png,train/2011_10_03_drive_0042_sync/proj_depth/groundtruth/image_02/0000000925.png
imgs/2011_09_29/2011_09_29_drive_0004_sync/image_03/data/0000000228.png,train/2011_09_29_drive_0004_sync/proj_depth/groundtruth/image_03/0000000228.png
imgs/2011_10_03/2011_10_03_drive_0027_sync/image_02/data/0000002768.png,train/2011_10_03_drive_0027_sync/proj_depth/groundtruth/image_02/0000002768.png
imgs/2011_09_26/2011_09_26_drive_0086_sync/image_03/data/0000000550.png,train/2011_09_26_drive_0086_sync/proj_depth/groundtruth/image_03/0000000550.png
imgs/2011_09_28/2011_09_28_drive_0119_sync/image_02/data/0000000070.png,train/2011_09_28_drive_0119_sync/proj_depth/groundtruth/image_02/0000000070.png
imgs/2011_09_30/2011_09_30_drive_0033_sync/image_02/data/0000000947.png,train/2011_09_30_drive_0033_sync/proj_depth/groundtruth/image_02/0000000947.png
imgs/2011_10_03/2011_10_03_drive_0034_sync/image_02/data/0000001167.png,train/2011_10_03_drive_0034_sync/proj_depth/groundtruth/image_02/0000001167.png
imgs/2011_10_03/2011_10_03_drive_0027_sync/image_03/data/0000003786.png,train/2011_10_03_drive_0027_sync/proj_depth/groundtruth/image_03/0000003786.png
imgs/2011_10_03/2011_10_03_drive_0027_sync/image_02/data/0000002595.png,train/2011_10_03_drive_0027_sync/proj_depth/groundtruth/image_02/0000002595.png
imgs/2011_09_26/2011_09_26_drive_0101_sync/image_03/data/0000000517.png,train/2011_09_26_drive_0101_sync/proj_depth/groundtruth/image_03/0000000517.png
imgs/2011_10_03/2011_10_03_drive_0027_sync/image_03/data/0000004104.png,train/2011_10_03_drive_0027_sync/proj_depth/groundtruth/image_03/0000004104.png
imgs/2011_09_26/2011_09_26_drive_0039_sync/image_02/data/0000000302.png,train/2011_09_26_drive_0039_sync/proj_depth/groundtruth/image_02/0000000302.png
imgs/2011_09_30/2011_09_30_drive_0028_sync/image_02/data/0000005097.png,train/2011_09_30_drive_0028_sync/proj_depth/groundtruth/image_02/0000005097.png
imgs/2011_10_03/2011_10_03_drive_0034_sync/image_03/data/0000002071.png,train/2011_10_03_drive_0034_sync/proj_depth/groundtruth/image_03/0000002071.png
imgs/2011_10_03/2011_10_03_drive_0027_sync/image_03/data/0000001200.png,train/2011_10_03_drive_0027_sync/proj_depth/groundtruth/image_03/0000001200.png
imgs/2011_10_03/2011_10_03_drive_0027_sync/image_02/data/0000000125.png,train/2011_10_03_drive_0027_sync/proj_depth/groundtruth/image_02/0000000125.png
imgs/2011_09_26/2011_09_26_drive_0009_sync/image_02/data/0000000280.png,train/2011_09_26_drive_0009_sync/proj_depth/groundtruth/image_02/0000000280.png
imgs/2011_09_30/2011_09_30_drive_0033_sync/image_03/data/0000000260.png,train/2011_09_30_drive_0033_sync/proj_depth/groundtruth/image_03/0000000260.png
imgs/2011_09_28/2011_09_28_drive_0070_sync/image_02/data/0000000016.png,train/2011_09_28_drive_0070_sync/proj_depth/groundtruth/image_02/0000000016.png
imgs/2011_09_26/2011_09_26_drive_0086_sync/image_03/data/0000000496.png,train/2011_09_26_drive_0086_sync/proj_depth/groundtruth/image_03/0000000496.png
imgs/2011_09_26/2011_09_26_drive_0019_sync/image_02/data/0000000187.png,train/2011_09_26_drive_0019_sync/proj_depth/groundtruth/image_02/0000000187.png
imgs/2011_09_26/2011_09_26_drive_0051_sync/image_02/data/0000000065.png,train/2011_09_26_drive_0051_sync/proj_depth/groundtruth/image_02/0000000065.png
imgs/2011_10_03/2011_10_03_drive_0027_sync/image_02/data/0000000292.png,train/2011_10_03_drive_0027_sync/proj_depth/groundtruth/image_02/0000000292.png
imgs/2011_09_30/2011_09_30_drive_0028_sync/image_02/data/0000001966.png,train/2011_09_30_drive_0028_sync/proj_depth/groundtruth/image_02/0000001966.png
imgs/2011_09_26/2011_09_26_drive_0056_sync/image_03/data/0000000250.png,train/2011_09_26_drive_0056_sync/proj_depth/groundtruth/image_03/0000000250.png
imgs/2011_09_30/2011_09_30_drive_0028_sync/image_02/data/0000005145.png,train/2011_09_30_drive_0028_sync/proj_depth/groundtruth/image_02/0000005145.png
imgs/2011_10_03/2011_10_03_drive_0027_sync/image_02/data/0000002045.png,train/2011_10_03_drive_0027_sync/proj_depth/groundtruth/image_02/0000002045.png
imgs/2011_09_26/2011_09_26_drive_0017_sync/image_03/data/0000000042.png,train/2011_09_26_drive_0017_sync/proj_depth/groundtruth/image_03/0000000042.png
imgs/2011_10_03/2011_10_03_drive_0034_sync/image_02/data/0000003171.png,train/2011_10_03_drive_0034_sync/proj_depth/groundtruth/image_02/0000003171.png
imgs/2011_10_03/2011_10_03_drive_0027_sync/image_03/data/0000002981.png,train/2011_10_03_drive_0027_sync/proj_depth/groundtruth/image_03/0000002981.png
imgs/2011_09_30/2011_09_30_drive_0033_sync/image_02/data/0000000084.png,train/2011_09_30_drive_0033_sync/proj_depth/groundtruth/image_02/0000000084.png
imgs/2011_10_03/2011_10_03_drive_0027_sync/image_02/data/0000000243.png,train/2011_10_03_drive_0027_sync/proj_depth/groundtruth/image_02/0000000243.png
imgs/2011_09_28/2011_09_28_drive_0100_sync/image_03/data/0000000030.png,train/2011_09_28_drive_0100_sync/proj_depth/groundtruth/image_03/0000000030.png
imgs/2011_09_30/2011_09_30_drive_0020_sync/image_02/data/0000000233.png,train/2011_09_30_drive_0020_sync/proj_depth/groundtruth/image_02/0000000233.png
imgs/2011_09_26/2011_09_26_drive_0064_sync/image_02/data/0000000456.png,train/2011_09_26_drive_0064_sync/proj_depth/groundtruth/image_02/0000000456.png
imgs/2011_09_26/2011_09_26_drive_0061_sync/image_03/data/0000000026.png,train/2011_09_26_drive_0061_sync/proj_depth/groundtruth/image_03/0000000026.png
imgs/2011_09_26/2011_09_26_drive_0070_sync/image_03/data/0000000140.png,train/2011_09_26_drive_0070_sync/proj_depth/groundtruth/image_03/0000000140.png
imgs/2011_09_30/2011_09_30_drive_0028_sync/image_02/data/0000002661.png,train/2011_09_30_drive_0028_sync/proj_depth/groundtruth/image_02/0000002661.png
imgs/2011_09_30/2011_09_30_drive_0028_sync/image_03/data/0000002984.png,train/2011_09_30_drive_0028_sync/proj_depth/groundtruth/image_03/0000002984.png
imgs/2011_09_30/2011_09_30_drive_0028_sync/image_02/data/0000002591.png,train/2011_09_30_drive_0028_sync/proj_depth/groundtruth/image_02/0000002591.png
imgs/2011_10_03/2011_10_03_drive_0034_sync/image_03/data/0000003629.png,train/2011_10_03_drive_0034_sync/proj_depth/groundtruth/image_03/0000003629.png
imgs/2011_09_26/2011_09_26_drive_0032_sync/image_02/data/0000000365.png,train/2011_09_26_drive_0032_sync/proj_depth/groundtruth/image_02/0000000365.png
imgs/2011_09_30/2011_09_30_drive_0018_sync/image_02/data/0000002731.png,train/2011_09_30_drive_0018_sync/proj_depth/groundtruth/image_02/0000002731.png
imgs/2011_09_28/2011_09_28_drive_0208_sync/image_02/data/0000000027.png,train/2011_09_28_drive_0208_sync/proj_depth/groundtruth/image_02/0000000027.png
imgs/2011_09_26/2011_09_26_drive_0035_sync/image_03/data/0000000042.png,train/2011_09_26_drive_0035_sync/proj_depth/groundtruth/image_03/0000000042.png
imgs/2011_10_03/2011_10_03_drive_0027_sync/image_03/data/0000003444.png,train/2011_10_03_drive_0027_sync/proj_depth/groundtruth/image_03/0000003444.png
imgs/2011_09_28/2011_09_28_drive_0104_sync/image_03/data/0000000020.png,train/2011_09_28_drive_0104_sync/proj_depth/groundtruth/image_03/0000000020.png
imgs/2011_09_30/2011_09_30_drive_0028_sync/image_02/data/0000000359.png,train/2011_09_30_drive_0028_sync/proj_depth/groundtruth/image_02/0000000359.png
imgs/2011_09_26/2011_09_26_drive_0014_sync/image_03/data/0000000200.png,train/2011_09_26_drive_0014_sync/proj_depth/groundtruth/image_03/0000000200.png
imgs/2011_09_26/2011_09_26_drive_0087_sync/image_03/data/0000000008.png,train/2011_09_26_drive_0087_sync/proj_depth/groundtruth/image_03/0000000008.png
imgs/2011_10_03/2011_10_03_drive_0034_sync/image_02/data/0000003308.png,train/2011_10_03_drive_0034_sync/proj_depth/groundtruth/image_02/0000003308.png
imgs/2011_10_03/2011_10_03_drive_0034_sync/image_02/data/0000002040.png,train/2011_10_03_drive_0034_sync/proj_depth/groundtruth/image_02/0000002040.png
imgs/2011_09_26/2011_09_26_drive_0017_sync/image_03/data/0000000103.png,train/2011_09_26_drive_0017_sync/proj_depth/groundtruth/image_03/0000000103.png
imgs/2011_09_26/2011_09_26_drive_0019_sync/image_02/data/0000000098.png,train/2011_09_26_drive_0019_sync/proj_depth/groundtruth/image_02/0000000098.png
imgs/2011_09_26/2011_09_26_drive_0104_sync/image_03/data/0000000197.png,train/2011_09_26_drive_0104_sync/proj_depth/groundtruth/image_03/0000000197.png
imgs/2011_10_03/2011_10_03_drive_0042_sync/image_03/data/0000000918.png,train/2011_10_03_drive_0042_sync/proj_depth/groundtruth/image_03/0000000918.png
imgs/2011_10_03/2011_10_03_drive_0034_sync/image_02/data/0000004275.png,train/2011_10_03_drive_0034_sync/proj_depth/groundtruth/image_02/0000004275.png
imgs/2011_09_30/2011_09_30_drive_0018_sync/image_03/data/0000002516.png,train/2011_09_30_drive_0018_sync/proj_depth/groundtruth/image_03/0000002516.png
imgs/2011_10_03/2011_10_03_drive_0027_sync/image_03/data/0000001359.png,train/2011_10_03_drive_0027_sync/proj_depth/groundtruth/image_03/0000001359.png
imgs/2011_09_30/2011_09_30_drive_0028_sync/image_02/data/0000004168.png,train/2011_09_30_drive_0028_sync/proj_depth/groundtruth/image_02/0000004168.png
imgs/2011_09_26/2011_09_26_drive_0059_sync/image_03/data/0000000241.png,train/2011_09_26_drive_0059_sync/proj_depth/groundtruth/image_03/0000000241.png
imgs/2011_09_28/2011_09_28_drive_0075_sync/image_03/data/0000000026.png,train/2011_09_28_drive_0075_sync/proj_depth/groundtruth/image_03/0000000026.png
imgs/2011_09_30/2011_09_30_drive_0028_sync/image_02/data/0000002555.png,train/2011_09_30_drive_0028_sync/proj_depth/groundtruth/image_02/0000002555.png
imgs/2011_10_03/2011_10_03_drive_0027_sync/image_03/data/0000002270.png,train/2011_10_03_drive_0027_sync/proj_depth/groundtruth/image_03/0000002270.png
imgs/2011_09_30/2011_09_30_drive_0018_sync/image_02/data/0000001901.png,train/2011_09_30_drive_0018_sync/proj_depth/groundtruth/image_02/0000001901.png
imgs/2011_10_03/2011_10_03_drive_0027_sync/image_02/data/0000000921.png,train/2011_10_03_drive_0027_sync/proj_depth/groundtruth/image_02/0000000921.png
imgs/2011_09_30/2011_09_30_drive_0033_sync/image_02/data/0000000045.png,train/2011_09_30_drive_0033_sync/proj_depth/groundtruth/image_02/0000000045.png
imgs/2011_09_26/2011_09_26_drive_0022_sync/image_03/data/0000000663.png,train/2011_09_26_drive_0022_sync/proj_depth/groundtruth/image_03/0000000663.png
imgs/2011_09_30/2011_09_30_drive_0018_sync/image_02/data/0000002321.png,train/2011_09_30_drive_0018_sync/proj_depth/groundtruth/image_02/0000002321.png
imgs/2011_09_30/2011_09_30_drive_0018_sync/image_03/data/0000000716.png,train/2011_09_30_drive_0018_sync/proj_depth/groundtruth/image_03/0000000716.png
imgs/2011_09_26/2011_09_26_drive_0029_sync/image_03/data/0000000417.png,train/2011_09_26_drive_0029_sync/proj_depth/groundtruth/image_03/0000000417.png
imgs/2011_09_28/2011_09_28_drive_0038_sync/image_03/data/0000000054.png,train/2011_09_28_drive_0038_sync/proj_depth/groundtruth/image_03/0000000054.png
imgs/2011_09_29/2011_09_29_drive_0071_sync/image_02/data/0000001027.png,train/2011_09_29_drive_0071_sync/proj_depth/groundtruth/image_02/0000001027.png
imgs/2011_09_30/2011_09_30_drive_0034_sync/image_03/data/0000000384.png,train/2011_09_30_drive_0034_sync/proj_depth/groundtruth/image_03/0000000384.png
imgs/2011_09_29/2011_09_29_drive_0071_sync/image_02/data/0000001004.png,train/2011_09_29_drive_0071_sync/proj_depth/groundtruth/image_02/0000001004.png
imgs/2011_09_26/2011_09_26_drive_0064_sync/image_02/data/0000000327.png,train/2011_09_26_drive_0064_sync/proj_depth/groundtruth/image_02/0000000327.png
imgs/2011_09_30/2011_09_30_drive_0028_sync/image_03/data/0000003226.png,train/2011_09_30_drive_0028_sync/proj_depth/groundtruth/image_03/0000003226.png
imgs/2011_09_30/2011_09_30_drive_0028_sync/image_02/data/0000002321.png,train/2011_09_30_drive_0028_sync/proj_depth/groundtruth/image_02/0000002321.png
imgs/2011_09_26/2011_09_26_drive_0070_sync/image_03/data/0000000266.png,train/2011_09_26_drive_0070_sync/proj_depth/groundtruth/image_03/0000000266.png
imgs/2011_10_03/2011_10_03_drive_0034_sync/image_03/data/0000001868.png,train/2011_10_03_drive_0034_sync/proj_depth/groundtruth/image_03/0000001868.png
imgs/2011_09_26/2011_09_26_drive_0096_sync/image_03/data/0000000057.png,train/2011_09_26_drive_0096_sync/proj_depth/groundtruth/image_03/0000000057.png
imgs/2011_09_30/2011_09_30_drive_0018_sync/image_02/data/0000001024.png,train/2011_09_30_drive_0018_sync/proj_depth/groundtruth/image_02/0000001024.png
imgs/2011_09_26/2011_09_26_drive_0087_sync/image_02/data/0000000077.png,train/2011_09_26_drive_0087_sync/proj_depth/groundtruth/image_02/0000000077.png
imgs/2011_09_30/2011_09_30_drive_0033_sync/image_02/data/0000001524.png,train/2011_09_30_drive_0033_sync/proj_depth/groundtruth/image_02/0000001524.png
imgs/2011_10_03/2011_10_03_drive_0027_sync/image_02/data/0000002389.png,train/2011_10_03_drive_0027_sync/proj_depth/groundtruth/image_02/0000002389.png
imgs/2011_09_30/2011_09_30_drive_0028_sync/image_02/data/0000002704.png,train/2011_09_30_drive_0028_sync/proj_depth/groundtruth/image_02/0000002704.png
imgs/2011_09_30/2011_09_30_drive_0027_sync/image_02/data/0000000371.png,train/2011_09_30_drive_0027_sync/proj_depth/groundtruth/image_02/0000000371.png
imgs/2011_09_30/2011_09_30_drive_0020_sync/image_02/data/0000000228.png,train/2011_09_30_drive_0020_sync/proj_depth/groundtruth/image_02/0000000228.png
imgs/2011_09_26/2011_09_26_drive_0057_sync/image_03/data/0000000040.png,train/2011_09_26_drive_0057_sync/proj_depth/groundtruth/image_03/0000000040.png
imgs/2011_09_26/2011_09_26_drive_0064_sync/image_03/data/0000000186.png,train/2011_09_26_drive_0064_sync/proj_depth/groundtruth/image_03/0000000186.png
imgs/2011_09_28/2011_09_28_drive_0149_sync/image_03/data/0000000005.png,train/2011_09_28_drive_0149_sync/proj_depth/groundtruth/image_03/0000000005.png
imgs/2011_09_26/2011_09_26_drive_0087_sync/image_02/data/0000000710.png,train/2011_09_26_drive_0087_sync/proj_depth/groundtruth/image_02/0000000710.png
imgs/2011_10_03/2011_10_03_drive_0042_sync/image_02/data/0000000850.png,train/2011_10_03_drive_0042_sync/proj_depth/groundtruth/image_02/0000000850.png
imgs/2011_10_03/2011_10_03_drive_0042_sync/image_02/data/0000000436.png,train/2011_10_03_drive_0042_sync/proj_depth/groundtruth/image_02/0000000436.png
imgs/2011_10_03/2011_10_03_drive_0042_sync/image_03/data/0000000799.png,train/2011_10_03_drive_0042_sync/proj_depth/groundtruth/image_03/0000000799.png
imgs/2011_09_30/2011_09_30_drive_0020_sync/image_03/data/0000000373.png,train/2011_09_30_drive_0020_sync/proj_depth/groundtruth/image_03/0000000373.png
imgs/2011_09_30/2011_09_30_drive_0018_sync/image_03/data/0000001465.png,train/2011_09_30_drive_0018_sync/proj_depth/groundtruth/image_03/0000001465.png
imgs/2011_09_26/2011_09_26_drive_0027_sync/image_02/data/0000000105.png,train/2011_09_26_drive_0027_sync/proj_depth/groundtruth/image_02/0000000105.png
imgs/2011_09_29/2011_09_29_drive_0071_sync/image_02/data/0000000403.png,train/2011_09_29_drive_0071_sync/proj_depth/groundtruth/image_02/0000000403.png
imgs/2011_09_28/2011_09_28_drive_0184_sync/image_02/data/0000000029.png,train/2011_09_28_drive_0184_sync/proj_depth/groundtruth/image_02/0000000029.png
imgs/2011_09_30/2011_09_30_drive_0028_sync/image_03/data/0000004261.png,train/2011_09_30_drive_0028_sync/proj_depth/groundtruth/image_03/0000004261.png
imgs/2011_10_03/2011_10_03_drive_0027_sync/image_03/data/0000003174.png,train/2011_10_03_drive_0027_sync/proj_depth/groundtruth/image_03/0000003174.png
imgs/2011_09_26/2011_09_26_drive_0028_sync/image_02/data/0000000316.png,train/2011_09_26_drive_0028_sync/proj_depth/groundtruth/image_02/0000000316.png
imgs/2011_10_03/2011_10_03_drive_0034_sync/image_02/data/0000004571.png,train/2011_10_03_drive_0034_sync/proj_depth/groundtruth/image_02/0000004571.png
imgs/2011_10_03/2011_10_03_drive_0034_sync/image_02/data/0000003307.png,train/2011_10_03_drive_0034_sync/proj_depth/groundtruth/image_02/0000003307.png
imgs/2011_09_26/2011_09_26_drive_0046_sync/image_03/data/0000000094.png,train/2011_09_26_drive_0046_sync/proj_depth/groundtruth/image_03/0000000094.png
imgs/2011_09_26/2011_09_26_drive_0051_sync/image_02/data/0000000027.png,train/2011_09_26_drive_0051_sync/proj_depth/groundtruth/image_02/0000000027.png
imgs/2011_10_03/2011_10_03_drive_0034_sync/image_03/data/0000004520.png,train/2011_10_03_drive_0034_sync/proj_depth/groundtruth/image_03/0000004520.png
imgs/2011_09_26/2011_09_26_drive_0032_sync/image_02/data/0000000035.png,train/2011_09_26_drive_0032_sync/proj_depth/groundtruth/image_02/0000000035.png
imgs/2011_09_30/2011_09_30_drive_0028_sync/image_03/data/0000001343.png,train/2011_09_30_drive_0028_sync/proj_depth/groundtruth/image_03/0000001343.png
imgs/2011_09_30/2011_09_30_drive_0033_sync/image_02/data/0000000035.png,train/2011_09_30_drive_0033_sync/proj_depth/groundtruth/image_02/0000000035.png
imgs/2011_09_30/2011_09_30_drive_0018_sync/image_03/data/0000001043.png,train/2011_09_30_drive_0018_sync/proj_depth/groundtruth/image_03/0000001043.png
imgs/2011_09_30/2011_09_30_drive_0018_sync/image_02/data/0000000300.png,train/2011_09_30_drive_0018_sync/proj_depth/groundtruth/image_02/0000000300.png
imgs/2011_10_03/2011_10_03_drive_0042_sync/image_03/data/0000000581.png,train/2011_10_03_drive_0042_sync/proj_depth/groundtruth/image_03/0000000581.png
imgs/2011_09_30/2011_09_30_drive_0034_sync/image_02/data/0000000206.png,train/2011_09_30_drive_0034_sync/proj_depth/groundtruth/image_02/0000000206.png
imgs/2011_09_26/2011_09_26_drive_0061_sync/image_03/data/0000000182.png,train/2011_09_26_drive_0061_sync/proj_depth/groundtruth/image_03/0000000182.png
imgs/2011_09_30/2011_09_30_drive_0018_sync/image_03/data/0000001975.png,train/2011_09_30_drive_0018_sync/proj_depth/groundtruth/image_03/0000001975.png
imgs/2011_09_30/2011_09_30_drive_0034_sync/image_02/data/0000000254.png,train/2011_09_30_drive_0034_sync/proj_depth/groundtruth/image_02/0000000254.png
imgs/2011_09_26/2011_09_26_drive_0061_sync/image_02/data/0000000053.png,train/2011_09_26_drive_0061_sync/proj_depth/groundtruth/image_02/0000000053.png
imgs/2011_10_03/2011_10_03_drive_0034_sync/image_03/data/0000001987.png,train/2011_10_03_drive_0034_sync/proj_depth/groundtruth/image_03/0000001987.png
imgs/2011_10_03/2011_10_03_drive_0034_sync/image_02/data/0000004216.png,train/2011_10_03_drive_0034_sync/proj_depth/groundtruth/image_02/0000004216.png
imgs/2011_09_26/2011_09_26_drive_0029_sync/image_02/data/0000000189.png,train/2011_09_26_drive_0029_sync/proj_depth/groundtruth/image_02/0000000189.png
imgs/2011_09_26/2011_09_26_drive_0117_sync/image_03/data/0000000217.png,train/2011_09_26_drive_0117_sync/proj_depth/groundtruth/image_03/0000000217.png
imgs/2011_09_28/2011_09_28_drive_0100_sync/image_02/data/0000000021.png,train/2011_09_28_drive_0100_sync/proj_depth/groundtruth/image_02/0000000021.png
imgs/2011_09_30/2011_09_30_drive_0027_sync/image_02/data/0000000046.png,train/2011_09_30_drive_0027_sync/proj_depth/groundtruth/image_02/0000000046.png
imgs/2011_10_03/2011_10_03_drive_0034_sync/image_03/data/0000002831.png,train/2011_10_03_drive_0034_sync/proj_depth/groundtruth/image_03/0000002831.png
imgs/2011_09_26/2011_09_26_drive_0022_sync/image_02/data/0000000498.png,train/2011_09_26_drive_0022_sync/proj_depth/groundtruth/image_02/0000000498.png
imgs/2011_09_30/2011_09_30_drive_0018_sync/image_03/data/0000000284.png,train/2011_09_30_drive_0018_sync/proj_depth/groundtruth/image_03/0000000284.png
imgs/2011_10_03/2011_10_03_drive_0034_sync/image_03/data/0000003576.png,train/2011_10_03_drive_0034_sync/proj_depth/groundtruth/image_03/0000003576.png
imgs/2011_09_30/2011_09_30_drive_0033_sync/image_02/data/0000001358.png,train/2011_09_30_drive_0033_sync/proj_depth/groundtruth/image_02/0000001358.png
imgs/2011_09_26/2011_09_26_drive_0009_sync/image_03/data/0000000163.png,train/2011_09_26_drive_0009_sync/proj_depth/groundtruth/image_03/0000000163.png
imgs/2011_09_30/2011_09_30_drive_0027_sync/image_03/data/0000000033.png,train/2011_09_30_drive_0027_sync/proj_depth/groundtruth/image_03/0000000033.png
imgs/2011_10_03/2011_10_03_drive_0034_sync/image_03/data/0000001327.png,train/2011_10_03_drive_0034_sync/proj_depth/groundtruth/image_03/0000001327.png
imgs/2011_09_28/2011_09_28_drive_0160_sync/image_03/data/0000000019.png,train/2011_09_28_drive_0160_sync/proj_depth/groundtruth/image_03/0000000019.png
imgs/2011_09_28/2011_09_28_drive_0183_sync/image_03/data/0000000029.png,train/2011_09_28_drive_0183_sync/proj_depth/groundtruth/image_03/0000000029.png
imgs/2011_09_28/2011_09_28_drive_0156_sync/image_02/data/0000000016.png,train/2011_09_28_drive_0156_sync/proj_depth/groundtruth/image_02/0000000016.png
